Workbook

Sheet pc list 140318
A1: nu_pers_num | B1: Name | C1: Grade | D1: machine_code | E1: dept_name | F1: system_name | G1: model_name | H1: location | I1: make | J1: ch_remarks
A2: 20114 | B2: KANUBHAI K DESAI | C2: E0 | D2: PCC142 | E2: PURCHASE | F2: CORE SERIES TFT | G2: HP ELITE 8200 | H2: SM/CM COMM OFFICE | I2: HP
A3: 20205 | B3: HEMANT K CHAWLA | C3: E0 | D3: ATC048 | E3: HR-ADMINISTRATION | F3: CORE SERIES TFT | G3: HP ELITE 8200 | H3: SM/CM HR OFFICE | I3: HP
A4: 20350 | B4: KANTILAL S PATEL | C4: F1 | D4: MSC325 | E4: HR-ADMINISTRATION | F4: CORE SERIES TFT | G4: HCL INFINITI A390 TRU | H4: CM/SM OFFICE | I4: HCL
A5: 20360 | B5: JANAK KUMAR A A PATEL | C5: F0 | D5: TEC007 | E5: MECH-W/S | F5: CORE SERIES TFT | G5: HCL INFINITI A390 TRU | H5: AUTO W/S | I5: HCL
A6: 20394 | B6: MAHESH P SOMANI | C6: F1 | D6: PGC044 | E6: CIVIL | F6: CORE SERIES TFT | G6: HP DX2480 | H6: MAINTENANCE BLOCK | I6: HP
A7: 20489 | B7: JAYESH KUMAR B SANGHAVI | C7: F0 | D7: FAC184 | E7: FINANCE & ACCOUNTS | F7: CORE SERIES TFT | G7: HCL INFINITI A390 TRU | H7: SM/CM F&A OFFICE | I7: HCL
A8: 20491 | B8: DINUBHAI U PANCHAL | C8: F0 | D8: ADC166 | E8: HR-ADMINISTRATION | F8: CORE SERIES TFT | G8: HCL INFINITI A390 TRU | H8: SM/CM HR OFFICE | I8: HCL
A9: 20495 | B9: K SIVADASAN NAIR | C9: G0 | D9: V1C026 | E9: MECH-W/S | F9: CORE SERIES TFT | G9: ACER VERITON Q170 | H9: AUTO W/S | I9: ACER
A10: 20505 | B10: VENKATESVARULU C | C10: D0 | D10: ELC061 | E10: ELECTRICAL | F10: CORE SERIES TFT | G10: HP ELITE 800G2 | H10: AGM/GM (ELECTRICAL) OFFICE | I10: HP
A11: 20506 | B11: RAJESH M CHOPDE | C11: C0 | D11: PRC074 | E11: PROCESS GROUP | F11: CORE SERIES TFT | G11: HP ELITE 800G1 | H11: SM/CM (PROCESS) | I11: HP
A12: 20551 | B12: RAJESH KUMAR AGARWAL | C12: F1 | D12: FAC182 | E12: FINANCE & ACCOUNTS | F12: CORE SERIES TFT | G12: HCL INFINITI A390 TRU | H12: SM/CM F&A OFFICE | I12: HCL
A13: 20559 | B13: SUDHIR V VASWANI | C13: F1 | D13: EMC001 | E13: ELECT.MAINT. T/SHIP | F13: CORE SERIES TFT | G13: HP ELITE 8200 | H13: ESTATE OFFICE | I13: HP
... A19: 20652 | B19: MANI R SHARMA | C19: C0 | D19: PGC058 | E19: PRODUCTION | F19: CORE SERIES TFT | G19: HP ELITE 800G1 | H19: GM(PRODN.) OFFICE | I19: HP
A20: 20696 | B20: D B SHAH | D20: LBC040 | E20: CHEMICAL LABORATORY | F20: CORE SERIES TFT | G20: ACER VERITON M-200 H57 | H20: LAB OFFICE | I20: ACER
A21: 20704 | B21: MANHARBHAI R PATEL | C21: F0 | D21: IUC038 | E21: INSTRUMENT-UREA | F21: CORE SERIES TFT | G21: HP ELITE 8200 | H21: UREA | I21: HP
A22: 20709 | B22: HEMANT G PATEL | C22: F1 | D22: MSC326 | E22: HR-ADMINISTRATION | F22: CORE SERIES TFT | G22: HCL INFINITI A390 TRU | H22: SM/CM HR OFFICE | I22: HCL
A23: 20740 | B23: ARVINDKUMAR V MODI | C23: F0 | D23: ADC157 | E23: HR-ADMINISTRATION | F23: CORE SERIES TFT | G23: ACER VERITON M-200 H57 | H23: VIGILENCE OFFICE | I23: ACER
A24: 20743 | B24: BAKULKUMAR C MISTRY | C24: E0 | D24: SPC041 | E24: FINANCE & ACCOUNTS | F24: CORE SERIES TFT | G24: ACER VERITON M-200 H57 | H24: SM/CM F&A OFFICE | I24: ACER
A25: 20751 | B25: CHAMPAKBHAI B PATEL | C25: F1 | D25: V1C025 | E25: MPC-DRAWING SECTION | F25: CORE SERIES TFT | G25: ACER VERITON Q170 | H25: DRAWING OFFICE | I25: ACER
A26: 20767 | B26: ANAND KISHOR SHARMA | C26: E0 | D26: LBC051 | E26: CHEMICAL LABORATORY | F26: CORE SERIES TFT | G26: HP ELITE 8200 | H26: LAB OFFICE | I26: HP
A27: 20768 | B27: S G HARSHE | D27: TRC061 | E27: TRANSPORTATION | F27: CORE SERIES TFT | G27: HCL INFINITI A390 TRU | H27: TPTN OFFICE | I27: HCL
A28: 20799 | B28: JITENDRA G TRIVEDI | C28: E0 | D28: V1C014 | E28: PRODN-OFFSITE | F28: CORE SERIES TFT | G28: ACER VERITON Q170 | H28: OFFSITE OFFICE | I28: ACER
A29: 20817 | B29: NARENDRAKUMAR D PRAJAPATI | C29: F0 | D29: IUC037 | E29: INSTRUMENT-UREA | F29: CORE SERIES TFT | G29: HP ELITE 8200 | H29: UREA | I29: HP
A30: 20818 | B30: ROHITKUMAR K UPADHYAY | C30: F0 | D30: IWC046 | E30: INSTRUMENT-PHP | F30: CORE SERIES TFT | G30: ACER VERITON M-200 H57 | H30: PHP | I30: ACER
A31: 20820 | B31: BASWARAJ C NANDI | C31: F0 | D31: TCC080 | E31: INSTRUMENT-POWER | F31: CORE SERIES TFT | G31: HP DX2480 | H31: POWER | I31: HP
A32: 20827 | B32: KAUSHIK D PRAJAPATI | C32: F1 | D32: MWC028 | E32: MECH-W/S | F32: CORE SERIES CRT | G32: WIPRO SUPER GENIOUS | H32: W/S | I32: WIPRO
A33: 20832 | B33: RATILAL C LAD | C33: F1 | D33: IAC032 | E33: INSTRUMENT-AMMONIA | F33: CORE SERIES TFT | G33: HP ELITE 8200 | H33: INST-AMM-2 | I33: HP | J33: na suthar
A34: 20834 | B34: ISHWAR BHAI J PARMAR | C34: F1 | D34: MPC016 | E34: MECH-POWER | F34: CORE SERIES TFT | G34: HP ELITE 800G2 | H34: POWER PLANT | I34: HP
A35: 20852 | B35: BIPINCHANDRA J JOSHI | C35: F1 | D35: CEC002 | E35: ELECTRICAL-UREA | F35: CORE SERIES TFT | G35: HCL INFINITI A390 TRU | H35: UREA - I | I35: HCL
A36: 20853 | B36: KANAIYALAL L PATEL | C36: F0 | D36: EPC017 | E36: ELECTRICAL-POWER | F36: CORE SERIES TFT | G36: HCL INFINITI A390 TRU | H36: POWER PLANT | I36: HCL
A37: 20855 | B37: CHANDUBHAI G PATEL | C37: F0 | D37: ELC059 | E37: ELECTRICAL | F37: CORE SERIES TFT | G37: HP ELITE 8200 | H37: MAINT BLOCK | I37: HP
A38: 20857 | B38: CHATURBHAI K VASAVA | C38: F0 | D38: ODC026 | E38: ELECTRICAL-AMMONIA | F38: CORE SERIES TFT | G38: HP DX2480 | H38: PGR | I38: HP
A39: 20858 | B39: NANUBHAI P TANDEL | C39: F0 | D39: EBC018 | E39: ELECTRICAL-PHP | F39: CORE SERIES TFT | G39: HCL INFINITI A390 TRU | H39: PHP | I39: HCL
A40: 20859 | B40: AJAYKUMAR I DAVE | C40: E0 | D40: MBC019 | E40: MECH-PHP | F40: CORE SERIES TFT | G40: HP ELITE 8200 | H40: PHP | I40: HP
A41: 20860 | B41: SANJAY KUMAR H NANAVATI | C41: E0 | D41: EUC012 | E41: MECH-OFFSITE | F41: CORE SERIES TFT | G41: HP ELITE 8200 | H41: OFFSITE-I | I41: HP | J41: dilip dhabarde
A42: 20861 | B42: ARUNKUMAR I DESAI | C42: E0 | D42: TRC068 | E42: MECH-PHP | F42: CORE SERIES TFT | G42: HP ELITE 800G2 | H42: PHP OFFICE FIRST FLOOR | I42: HP
A43: 20862 | B43: DIPAK A NAIK | C43: F0 | D43: NDC028 | E43: NDT LABORATORY | F43: CORE SERIES TFT | G43: HP ELITE 8200 | H43: NDT | I43: HP
A44: 20864 | B44: SURESH T BHAMBHANI | C44: F0 | D44: MUC044 | E44: MECH-POWER | F44: CORE SERIES TFT | G44: HP ELITE 8200 | H44: POWER | I44: HP
A45: 20865 | B45: KIRAN K SHAH | C45: F0 | D45: MBC017 | E45: MECH-W/S | F45: CORE SERIES TFT | G45: ACER VERITON M-200 H57 | H45: W/S | I45: ACER
A46: 20875 | B46: ATULKUMAR R BHATT | C46: F0 | D46: POC028 | E46: PRODN-OFFSITE | F46: CORE SERIES TFT | G46: HCL INFINITI A390 TRU | H46: OFFSITE | I46: HCL
A47: 20895 | B47: BABULAL C PATEL | C47: F0 | D47: GRC035 | E47: PGR-AMMONIA | F47: CORE SERIES TFT | G47: ACER VERITON M-200 H57 | H47: PGR | I47: ACER
A48: 20898 | B48: PRAVIN B MAKWANA | C48: F0 | D48: CVC042 | E48: PRODN-OFFSITE | F48: CORE SERIES TFT | G48: HP ELITE 800G2 | H48: DM PLANT | I48: HP | J48: rn shah retd Dec17inst11Jan18
A49: 20910 | B49: VIJAYKUMAR M PATEL | C49: F0 | D49: U2C010 | E49: PRODN-UREA-I | F49: CORE SERIES TFT | G49: HP ELITE 8200 | H49: UREA-I PRODN OFFICE | I49: HP | J49: hr jadav
A50: 20913 | B50: SHASHANK G VAKILNA | C50: F0 | D50: U1C009 | E50: PRODN-UREA-II | F50: CORE SERIES TFT | G50: ACER VERITON M-200 H57 | H50: UREA -II PRODN OFFICE | I50: ACER | J50: BU Patel retd 31May17
A51: 20916 | B51: DINESHKUMAR N PATEL | C51: F0 | D51: SPC098 | E51: PRODN-PHP | F51: CORE SERIES TFT | G51: HP ELITE 800G2 | H51: PHP OFFICE | I51: HP
A52: 20920 | B52: PRAVINKUMAR G SONI | C52: E0 | D52: MSC312 | E52: FINANCE & ACCOUNTS | F52: CORE SERIES TFT | G52: ACER VERITON M-200 H57 | H52: SM/CM F&A OFFICE | I52: ACER
A53: 20923 | B53: MAHESHKUMAR K RATHOD | C53: F0 | D53: IPC022 | E53: INSTRUMENT-OFFSITE | F53: CORE SERIES TFT | G53: HP ELITE 8200 | H53: OFFSITE-2 | I53: HP
A54: 20923 | B54: MAHESHKUMAR K RATHOD | C54: F0 | D54: V1C035 | E54: INSTRUMENT-POWER | F54: CORE SERIES TFT | G54: ACER VERITON Q170 | H54: POWER | I54: ACER
A55: 20932 | B55: JAYARAJAN K | C55: D0 | D55: ODC033 | E55: PRODN-POWER | F55: CORE SERIES TFT | G55: HP ELITE 800G1 | H55: AGM/GM OFFICE | I55: HP | J55: HP G2 PPC033 replaced
A56: 20933 | B56: SYED RAFI AHMED | C56: D0 | D56: MBC018 | E56: PRODUCTION | F56: CORE SERIES TFT | G56: HP ELITE 8200 | H56: TECH BLOCK | I56: HP
A57: 20940 | B57: VIPUL V TRIVEDI | C57: F0 | D57: PBC025 | E57: PRODN-PHP | F57: CORE SERIES TFT | G57: ACER VERITON M-200 H57 | H57: PHP | I57: ACER
A58: 20954 | B58: VINODCHANDRA K PATEL | C58: F1 | D58: TRC067 | E58: TRANSPORTATION | F58: CORE SERIES TFT | G58: HP ELITE 800G2 | H58: RAIL COUNTER | I58: HP
A59: 20957 | B59: RADHAKRISHNAN G NAIR | C59: F0 | D59: TCC084 | E59: HR-ESTATE OFFICE | F59: CORE SERIES TFT | G59: ACER VERITON M-200 H57 | H59: ESTATE OFFICE | I59: ACER
A60: 20957 | B60: RADHAKRISHNAN G NAIR | C60: F0 | D60: ADC168 | E60: HR-ADMINISTRATION | F60: CORE SERIES TFT | G60: HCL INFINITI A390 TRU | H60: SM/CM HR OFFICE | I60: HCL
A61: 20994 | B61: RAJENDRA T VORA | C61: F1 | D61: MAC040 | E61: FINANCE & ACCOUNTS | F61: CORE SERIES TFT | G61: HCL INFINITI A390 TRU | H61: SM/CM F&A OFFICE | I61: HCL
A62: 20998 | B62: VIKRAM S PRAJAPATI | C62: F0 | D62: FAC179 | E62: FINANCE & ACCOUNTS | F62: CORE SERIES TFT | G62: HCL INFINITI A390 TRU | H62: SM/CM F&A OFFICE | I62: HCL
A63: 21002 | B63: HIMANSHU B TRIVEDI | C63: D0 | D63: ELC060 | E63: ELECTRICAL | F63: CORE SERIES TFT | G63: HP ELITE 800G2 | H63: AGM/GM (ELECTRICAL) OFFICE | I63: HP
A64: 21004 | B64: KANJIBHAI M PATEL | C64: C0 | D64: MSC382 | E64: MECHANICAL | F64: CORE SERIES TFT | G64: HP ELITE 800G1 | H64: AGM(MECH) OFFICE | I64: HP
A65: 21006 | B65: GODAVARTHY SRINIVAS | C65: D0 | D65: STC074 | E65: STORES | F65: CORE SERIES TFT | G65: HP ELITE 800G1 | H65: AGM/GM OFFICE | I65: HP
A66: 21006 | B66: GODAVARTHY SRINIVAS | C66: D0 | D66: V1C019 | E66: PURCHASE | F66: CORE SERIES TFT | G66: ACER VERITON Q170 | H66: AGM(COMM) OFFICE | I66: ACER
A67: 21007 | B67: RAJIVE LOCHAN SHUKLA | C67: D0 | D67: FSC037 | E67: PURCHASE | F67: CORE SERIES TFT | G67: HCL INFINITI A390 TRU | H67: AGM/GM OFFICE | I67: HCL
... A69: 21009 | B69: KANDALAM SRIHARI | C69: D0 | D69: PJC085 | E69: PROJECT GROUP | F69: CORE SERIES TFT | G69: HP ELITE 800G2 | H69: AGM/GM (PROJECT) OFFICE | I69: HP
A70: 21011 | B70: NAWAL KISHORE GUPTA | C70: C0 | D70: PCC146 | E70: PROCESS GROUP | F70: CORE SERIES TFT | G70: HCL INFINITI A390 TRU | H70: GM(T)'S OFFICE | I70: HCL | J70: GS Labana
A71: 21012 | B71: ASHOK SINH V VANSIA | C71: F0 | D71: MOC023 | E71: MECH-OFFSITE | F71: CORE SERIES TFT | G71: ACER VERITON M-200 H57 | H71: OFFSITE | I71: ACER
A72: 21013 | B72: PRAFUL T SOLANKI | C72: F0 | D72: TCC087 | E72: TRAINING CENTRE | F72: CORE SERIES TFT | G72: HCL INFINITI A390 TRU | H72: TRAINING OFFICE | I72: HCL
A73: 21029 | B73: BHIKHABHAI M PATEL | C73: F1 | D73: V1C036 | E73: INSTRUMENT-AMMONIA | F73: CORE SERIES TFT | G73: ACER VERITON Q170 | H73: AMMONIA -1 | I73: ACER
A74: 21036 | B74: OM PRAKASH THAPLIYAL | C74: F0 | D74: MOC024 | E74: MECH-OFFSITE | F74: CORE SERIES TFT | G74: HCL INFINITI A390 TRU | H74: OFFSITE-II | I74: HCL
A75: 21041 | B75: ARVIND N SAVANT | C75: F1 | D75: V1C010 | E75: MECH-W/S | F75: CORE SERIES TFT | G75: ACER VERITON Q170 | H75: AC WORKSHOP | I75: ACER
A76: 21044 | B76: SATINDER SINGH JOHAR | C76: D0 | D76: MSC384 | E76: HR-ADMINISTRATION | F76: CORE SERIES TFT | G76: HP ELITE 800G1 | H76: DGM/AGM HR OFFICE | I76: HP
A77: 21044 | B77: SATINDER SINGH JOHAR | C77: D0 | D77: PCC120 | E77: KRIBHCO JETTY | F77: CORE SERIES TFT | G77: HP DX2480 | H77: JETTY OFFICE | I77: HP
A78: 21045 | B78: PIYUSH S GANDHI | C78: D0 | D78: SPC096 | E78: INSTRUMENT | F78: CORE SERIES TFT | G78: HP ELITE 800G2 | H78: MAINTENANCE BLOCK | I78: HP | J78: issued 27/04/17
A79: 21050 | B79: NIRANJANKUMAR SUTHAR | C79: F0 | D79: IAC033 | E79: INSTRUMENT-AMMONIA | F79: CORE SERIES TFT | G79: HP ELITE 8200 | H79: PGR BUILDING | I79: HP
A80: 21052 | B80: AMARJIT SINGH | C80: D0 | D80: TCC088 | E80: TRAINING CENTRE | F80: CORE SERIES TFT | G80: HCL INFINITI A390 TRU | H80: AGM OFFICE | I80: HCL
A81: 21088 | B81: MOHD IKRAM KHAN | C81: E0 | D81: MPC013 | E81: MECH-POWER | F81: CORE SERIES TFT | G81: HP ELITE 8200 | H81: POWER | I81: HP
A82: 21091 | B82: MAHESHKUMAR L PANCHAL | C82: E0 | D82: MWC032 | E82: MECH-UREA | F82: CORE SERIES TFT | G82: HP ELITE 8200 | H82: UREA | I82: HP
A83: 21092 | B83: RAJENDRA M BHAMRE | C83: F0 | D83: MDC021 | E83: STORES | F83: CORE SERIES TFT | G83: HP ELITE 8200 | H83: STORES OFFICE | I83: HP
A84: 21094 | B84: MUNUSAMY R | C84: E0 | D84: MUC045 | E84: MECH-UREA | F84: CORE SERIES TFT | G84: HP ELITE 8200 | H84: UREA | I84: HP
A85: 21095 | B85: RAJESH A SHAH | C85: F0 | D85: MWC035 | E85: MECH-W/S | F85: CORE SERIES TFT | G85: HCL INFINITI A390 TRU | H85: W/S | I85: HCL
A86: 21096 | B86: ASHWANI KUMAR | C86: E0 | D86: EAC012 | E86: ELECTRICAL-AMMONIA | F86: CORE SERIES TFT | G86: ACER VERITON M-200 H57 | H86: PGR | I86: ACER
A87: 21098 | B87: RAJENDRASINH A SINDHA | C87: F0 | D87: EUC013 | E87: ELECTRICAL-UREA | F87: CORE SERIES TFT | G87: HCL INFINITI A390 TRU | H87: PGR | I87: HCL
A88: 21101 | B88: RAMAKANT OJHA | C88: F0 | D88: JAC001 | E88: INSTRUMENT- W/S | F88: CORE SERIES TFT | G88: ACER VERITON M-200 H57 | H88: INSTN. W/S | I88: ACER | J88: issued 12/05/17
A89: 21102 | B89: VIJAY R TAILOR | C89: F0 | D89: LBC053 | E89: CHEMICAL LABORATORY | F89: CORE SERIES TFT | G89: HP ELITE 8200 | H89: LAB OFFICE | I89: HP
A90: 21104 | B90: KANISHKA M MANDLI | C90: F0 | D90: LBC054 | E90: CHEMICAL LABORATORY | F90: CORE SERIES TFT | G90: HP ELITE 8200 | H90: LAB OFFICE | I90: HP
A91: 21105 | B91: YESHVANT G PATIL | C91: F0 | D91: LBC055 | E91: CHEMICAL LABORATORY | F91: CORE SERIES TFT | G91: HP ELITE 8200 | H91: LAB OFFICE | I91: HP
A92: 21106 | B92: RAVICHANDRAN S R | C92: F0 | D92: LBC057 | E92: CHEMICAL LABORATORY | F92: CORE SERIES TFT | G92: HP ELITE 800G2 | H92: LAB OFFICE | I92: HP
A93: 21107 | B93: DINESHKUMAR M AMIN | C93: F0 | D93: V1C031 | E93: CHEMICAL LABORATORY | F93: CORE SERIES TFT | G93: ACER VERITON Q170 | H93: LAB OFFICE | I93: ACER
A94: 21108 | B94: VIJAY K MISTRY | C94: F0 | D94: V1C028 | E94: CHEMICAL LABORATORY | F94: CORE SERIES TFT | G94: ACER VERITON Q170 | H94: LAB OFFICE | I94: ACER
A95: 21110 | B95: JAYANTILAL P TRIVEDI | C95: F0 | D95: LBC056 | E95: CHEMICAL LABORATORY | F95: CORE SERIES TFT | G95: HP ELITE 800G2 | H95: LAB OFFICE | I95: HP
A96: 21119 | B96: SHARAD M KAPADIA | C96: E0 | D96: MAC036 | E96: MECH-AMMONIA | F96: CORE SERIES TFT | G96: HP ELITE 8200 | H96: AMMONIA | I96: HP
A97: 21128 | B97: ASHOK V PATEL | C97: F0 | D97: V1C034 | E97: INSTRUMENT- W/S | F97: CORE SERIES TFT | G97: ACER VERITON Q170 | H97: WORKSHOP | I97: ACER
A98: 21129 | B98: MAHESHKUMAR D CHAUHAN | C98: F0 | D98: STC071 | E98: INSTRUMENT-POWER | F98: CORE SERIES TFT | G98: HCL INFINITI A390 TRU | H98: INSTN. POWER | I98: HCL | J98: RPGajjar-Stores04Jul17
A99: 21134 | B99: JAGDISH J DALWADI | C99: D0 | D99: SPC092 | E99: INSTRUMENT | F99: CORE SERIES TFT | G99: HP ELITE 800G2 | H99: MAINT. BLOCK | I99: HP
A100: 21142 | B100: RISHIPAL SINGH | C100: D0 | D100: ELC056 | E100: ELECTRICAL | F100: CORE SERIES TFT | G100: ACER VERITON M-200 H57 | H100: MAINT BLOCK | I100: ACER
A101: 21158 | B101: CHANDRAKANT J SHAH | C101: D0 | D101: SPC034 | E101: INSTRUMENT | F101: CORE SERIES TFT | G101: ACER VERITON M-200 H57 | H101: MAINT BLOCK | I101: ACER
A102: 21161 | B102: JAGDISH PRASAD VERMA | C102: D0 | D102: POC027 | E102: PRODN-OFFSITE | F102: CORE SERIES TFT | G102: ACER VERITON M-200 H57 | H102: OFFSITE | I102: ACER
A103: 21162 | B103: NAVAL KUMAR GURJAR | C103: D0 | D103: MUC040 | E103: MECH-UREA | F103: CORE SERIES TFT | G103: ACER VERITON M-200 H57 | H103: UREA-I | I103: ACER
A104: 21164 | B104: VINOD KUMAR SINGH | C104: C0 | D104: MUC043 | E104: MECHANICAL | F104: CORE SERIES TFT | G104: ACER VERITON M-200 H57 | H104: MAINT BLOCK | I104: ACER
A105: 21170 | B105: PRADIP G PATEL | C105: G0 | D105: TRC065 | E105: TRANSPORTATION | F105: CORE SERIES TFT | G105: HP ELITE 800G2 | H105: COMMON SECTION | I105: HP
A106: 21177 | B106: BAKUL P SHAH | C106: F1 | D106: FAC180 | E106: FINANCE & ACCOUNTS | F106: CORE SERIES TFT | G106: HCL INFINITI A390 TRU | H106: SM/CM F&A OFFICE | I106: HCL
...

Sheet Sheet1
A1: select a.machine_code, a.dept_code, b.dept_name, a.nu_pers_num,a.device_code, a.system_name,
A2: a.model_name, a.location, a.make, a.ch_remarks
A3: from TB_HARDWARE_MASTER_HEADER a, tb_dept b
A4: where
A5: a.dept_code = b.dept_code and
A6: a.KRIBHCO_HARDWARE = 'Y' and
A7: a.deleted <> 'Y'and
A8: a.DEVICE_CODE = 'C' and
A9: (a.stat = 'A' or a.stat = 'W')
A10: ;

Sheet Emp List
A1: Per. No. | B1: Name | C1: Emp SubGroup
A2: 20029 | B2: RAGHUNATHSINGH RAGHAV | C2: H0
A3: 20114 | B3: KANUBHAI K DESAI | C3: E0
A4: 20137 | B4: SUDHAKAR N PATIL | C4: G0
A5: 20165 | B5: DATTATRAY B KADAM | C5: G1
A6: 20172 | B6: PARBHUBHAI V PATEL | C6: G0
A7: 20173 | B7: NATVARBHAI K PATEL | C7: J0
A8: 20174 | B8: DINESHBHAI C PATEL | C8: G1
A9: 20175 | B9: DINESHBHAI K PATEL | C9: H1
A10: 20178 | B10: ARVINDBHAI M PATEL | C10: I0
A11: 20179 | B11: ISHWARBHAI F PATEL | C11: I0
A12: 20180 | B12: BHIKHUBHAI K PATEL | C12: H0
A13: 20183 | B13: KANTILAL N PATEL | C13: H0
... A1065: 23531 | B1065: DEEPAK RAVINDRABHAI KHATRI | C1065: L1
A1066: 23532 | B1066: ANKUSHBHAI DHAGJIBHAI CHAUDHARI | C1066: 72
A1067: 23533 | B1067: UJJAVALKUMAR DINESHBHAI SHRIMALI | C1067: L1
A1068: 23534 | B1068: MRUGESH SUNILKUMAR PAREKH | C1068: L1
A1069: 23537 | B1069: PRAMOD KUMAR YADAV | C1069: K0
A1070: 23538 | B1070: DIPAKKUMAR MANILAL LAD | C1070: K0
A1071: 23539 | B1071: BHAVESH MAGANBHAI RATHOD | C1071: L1
A1072: 23540 | B1072: TEJAL GOKUL PATIL | C1072: L1
A1073: 23541 | B1073: PRAKASH BALVANTBHAI PATEL | C1073: P0
A1074: 23542 | B1074: DIVYESH CHAMPAKBHAI PATEL | C1074: P0
A1075: 23543 | B1075: NITESH SINGH CHOUHAN | C1075: 72
A1076: 23544 | B1076: DHRUVIL ARJUNBHAI DABHI | C1076: 72
A1077: 23545 | B1077: NAYANKUMAR DEVENDRAKUMAR KATHAWALA | C1077: L0
A1078: 23546 | B1078: SHEENA JOHNSON | C1078: L0
A1079: 23547 | B1079: VISHWA DILIPBHAI BARBHAYA | C1079: L0
A1080: 23548 | B1080: HARKISHAN HIMMATBHAI GHODADARA | C1080: L0
A1081: 23582 | B1081: SHAILESH BHAILALBHAI PATEL | C1081: I0
A1082: 23586 | B1082: RAJESHKUMAR ASHOKBHAI CHUNARA | C1082: 72
A1083: 23587 | B1083: SURAJSINH SAGUJI RAJPUT | C1083: 72
A1084: 23598 | B1084: RITESH PRALHADRAO BAWNER | C1084: G1
A1085: 23602 | B1085: TANUJ BAKSHI | C1085: G1
A1086: 23605 | B1086: MANMOHAN JHA | C1086: 71
A1087: 23607 | B1087: KEERTI SHUKLA | C1087: 71
A1088: 23611 | B1088: VISHAL SINGH | C1088: 72
A1089: 23612 | B1089: MANOJ KUMAR | C1089: 72
A1090: 23613 | B1090: VIRENDRA JADAN | C1090: 72
A1091: 23614 | B1091: VIPULKUMAR DILIPSINH MAHIDA | C1091: 72
A1092: 23615 | B1092: HIRENKUMAR RAMESHBHAI PATEL | C1092: 72
A1093: 23616 | B1093: VAGESH NITINBHAI PATEL | C1093: 72
A1094: 23617 | B1094: HARSHITKUMAR SOMABHAI PATEL | C1094: 72
A1095: 23618 | B1095: DHRUVKUMAR DINESHKUMAR PATEL | C1095: 72
A1096: 23619 | B1096: VIVEKKUMAR VINODKUMAR MALUSARE | C1096: 72
A1097: 23620 | B1097: BHAVESH SANJAYBHAI PATEL | C1097: 72
... A1114: 23641 | B1114: MAMTA KAJLA | C1114: 71
A1115: 23642 | B1115: ARUN KUMAR RAY | C1115: P0
A1116: 23643 | B1116: BHARATSINH LAXMANSINH SOLANKI | C1116: P0
A1117: 23644 | B1117: DHIRENKUMAR PRAGJIBHAI PARMAR | C1117: P0
A1118: 23645 | B1118: HASMUKHBHAI CHAUDHARY | C1118: P0
A1119: 23646 | B1119: SAMABHAI UMARIYABHAI GAMIT | C1119: P0
A1120: 23647 | B1120: HIRABHAI SHAMBAJI PAGI | C1120: P0
A1121: 23648 | B1121: SHAILESH KUMAR GUPTA | C1121: 71
A1122: 23649 | B1122: VINAYKUMAR BALVANTRAI PATEL | C1122: 72
A1123: 23650 | B1123: DIVYANGSINH BHARATSINH CHAUHAN | C1123: 72
A1124: 23651 | B1124: YASHPALSINH KIRITSINH PUVAR | C1124: 72
A1125: 23652 | B1125: ABHISHEK PANDEY | C1125: 71
A1126: 23653 | B1126: SARANSH RAGHUVANSHI | C1126: 71
A1127: 23654 | B1127: ASHUTOSH AMARSINHBHAI CHAUDHARI | C1127: 72
A1128: 23655 | B1128: ABHIJITSINH GAMBHIRSINH JADEJA | C1128: G0
A1129: 23656 | B1129: KEVAL BABULAL THORIYA | C1129: 72
A1130: 23657 | B1130: SAGAR PRAVINBHAI CHADAMIYA | C1130: 72
A1131: 23658 | B1131: NILAM HEMANTBHAI SAILOR | C1131: L1
A1132: 23659 | B1132: PARTH NATAVARBHAI PATEL | C1132: 72
A1133: 23660 | B1133: VIRAMJI DHANAJI THAKOR | C1133: 72
A1134: 23661 | B1134: PANCHDEV KUMAR | C1134: F1
A1135: 23662 | B1135: NIHAR RANJAN BEHARA | C1135: G0
A1136: 23663 | B1136: VINODKUMAR KARSANBHAI PATEL | C1136: P0
A1137: 23664 | B1137: SURESHKUMAR BHAGWANBHAI CHAUDHARI | C1137: P0
A1138: 23665 | B1138: JAYESHKUMAR JIVRAJBHAI TANK | C1138: P0
A1139: 23666 | B1139: VIRENDRASINH BHARATSINH JADEJA | C1139: P0
A1140: 23667 | B1140: ARATIBAHEN ASHOKKUMAR OZA | C1140: L1
A1141: 80125 | B1141: HARDIK SURESHBHAI MEVADA | C1141: 81
A1142: 80126 | B1142: RAHUL GOPALBHAI VARIYA | C1142: 81
A1143: 80127 | B1143: AVINASHKUMAR MUKESHBHAI GAMI | C1143: 81
A1144: 80128 | B1144: SAURABH MANOJBHAI PATEL | C1144: 81
A1145: 80129 | B1145: JATINKUMAR HARSHADBHAI PRAJAPATI | C1145: 81
A1146: 80130 | B1146: KAUSHAL RATILAL TIMABADIYA | C1146: 81
A1147: 80131 | B1147: HARDIKKUMAR SHASHIKANTBHAI PATEL | C1147: 81
A1148: 80132 | B1148: AJAY RAMESHBHAI VADAVIYA | C1148: 81
A1149: 80133 | B1149: KEVAN ASHOKBHAI PATEL | C1149: 81
A1150: 80134 | B1150: ALPESH VALJIBHAI CHAUDHARY | C1150: 81
A1151: 80135 | B1151: ANUJ TIWARI | C1151: 81
A1152: 80136 | B1152: ANKIT KUMAR | C1152: 81
... A1188: 90048 | B1188: VENKATESVARULU C | C1188: 92

Sheet Sheet3
A1: P. No. | B1: Scanner
A2: 20114 | B2: 2410 | D2: 21189 | E2: 2410
A3: 20205 | B3: 2410 | D3: 21191 | E3: 2410
A4: 20350 | B4: 2410 | D4: 21202 | E4: 2410
A5: 20373 | B5: 2410 | D5: 21228 | E5: 2410
A6: 20489 | B6: 2410 | D6: 21237 | E6: 2410
A7: 20491 | B7: 2400 | D7: 21279 | E7: 2410
A8: 20505 | B8: 2410 | D8: 21296 | E8: 2410
A9: 20506 | B9: 2410 | D9: 21305 | E9: 2410
A10: 20650 | B10: 2410 | D10: 21306 | E10: 2400
A11: 20652 | B11: 2410 | D11: 21320 | E11: 2410
A12: 20709 | B12: 2410 | D12: 21345 | E12: 2410
A13: 20722 | B13: 2400 | D13: 21349 | E13: 2410
... A26: 21013 | B26: 2410 | D26: 23294 | E26: 2410
A27: 21014 | B27: A3GT20000 | D27: 23363 | E27: 2410
A28: 21052 | B28: 3770 | D28: 23517 | E28: 2400
A29: 21052 | B29: MFP 6525 | D29: 23661 | E29: 2400
A30: 21134 | B30: 2410
A31: 21142 | B31: 2410
A32: 21158 | B32: 2410
A33: 21161 | B33: 2400
A34: 21162 | B34: 2410
A35: 21164 | B35: 2410
A36: 21181 | B36: 2410

Sheet Grade Wise
A1: P Num | B1: Name | C1: Grade | D1: machine_code | E1: dept_name | F1: make | G1: model_name | H1: Scanner | I1: Batch | J1: Change | L1: location
A2: 20652 | B2: MANI R SHARMA | C2: B0 | D2: ODC035 | E2: EXECUTIVE DIRECTOR | F2: DELL | G2: DELL AIO | I2: 10 | L2: DIRECTOR OFFICE | M2: wireless KBD&mouse
A3: 23199 | B3: RAJESH KUMAR AGGARWAL | C3: B0 | D3: ODC034 | E3: OPERATION DIRECTOR | F3: HP | G3: HP ELITE 800G2 | H3: 2400 | I3: 9 | L3: OD'S RESIDENCE
A4: 20652 | B4: MANI R SHARMA | C4: B0 | D4: PGC058 | E4: EXECUTIVE DIRECTOR | F4: HP | G4: HP ELITE 800G1 | H4: =VLOOKUP(A4,Sheet3!A3:B65,2,FALSE) -> 2410 | I4: 8 | L4: GM(PRODN.) OFFICE
A5: 21672 | B5: NIROD KUMAR SAHOO | C5: C0 | D5: V1C037 | E5: HR-ADMINISTRATION | F5: ACER | G5: ACER VERITON Q170 | H5: 2410 | I5: 11 | L5: GM HR OFFICE
A6: 20506 | B6: RAJESH M CHOPDE | C6: C0 | D6: PRC074 | E6: PROCESS GROUP | F6: HP | G6: HP ELITE 800G1 | H6: =VLOOKUP(A6,Sheet3!A8:B70,2,FALSE) -> 2410 | I6: 8 | L6: SM/CM (PROCESS)
A7: 21004 | B7: KANJIBHAI M PATEL | C7: C0 | D7: MSC382 | E7: MECHANICAL | F7: HP | G7: HP ELITE 800G1 | I7: 8 | L7: AGM(MECH) OFFICE
A8: 21008 | B8: APURBA KUMAR B NAYAK | C8: C0 | D8: MEC068 | E8: MECHANICAL | F8: HP | G8: HP ELITE 800G1 | H8: 2410 | I8: 8 | L8: GM(M) OFFICE
A9: 22391 | B9: ANIL KUMAR SINGAL | C9: C0 | D9: FAC189 | E9: FINANCE & ACCOUNTS | F9: HP | G9: HP ELITE 800G1 | I9: 8 | L9: GM(F&A) OFFICE | M9: gpr
A10: 21011 | B10: NAWAL KISHORE GUPTA | C10: C0 | D10: PCC146 | E10: PROCESS GROUP | F10: HCL | G10: HCL INFINITI A390 TRU | H10: 2410 | I10: 7 | J10: 12 | L10: GM(T)'S OFFICE | M10: GS Labana
A11: 20650 | B11: AMAL KUMAR DAS | C11: C0 | D11: MAC032 | E11: PRODUCTION | F11: ACER | G11: ACER VERITON M-200 H57 | H11: =VLOOKUP(A11,Sheet3!A2:B64,2,FALSE) -> 2410 | I11: 5 | J11: 12 | L11: TECHNICAL BLOCK
A12: 21164 | B12: VINOD KUMAR SINGH | C12: C0 | D12: MUC043 | E12: MECHANICAL | F12: ACER | G12: ACER VERITON M-200 H57 | H12: 2410 | I12: 5 | J12: 12 | L12: MAINT BLOCK
A13: 21672 | B13: NIROD KUMAR SAHOO | C13: C0 | D13: IGC023 | E13: HR-ADMINISTRATION | F13: HP | G13: HP DX2480 | I13: 4 | L13: GM (HR) PA'S OFFICE
A14: 21006 | B14: GODAVARTHY SRINIVAS | C14: D0 | D14: V1C019 | E14: PURCHASE | F14: ACER | G14: ACER VERITON Q170 | I14: 11 | L14: AGM(COMM) OFFICE
A15: 21009 | B15: KANDALAM SRIHARI | C15: D0 | D15: PJC085 | E15: PROJECT GROUP | F15: HP | G15: HP ELITE 800G2 | H15: 2410 | I15: 9 | L15: AGM/GM (PROJECT) OFFICE
A16: 21306 | B16: SRIMOY BANERJEE | C16: D0 | D16: PGC060 | E16: PGR-AMMONIA | F16: HP | G16: HP ELITE 800G2 | H16: 2400 | I16: 9 | L16: AGM/GM PRODN OFFICE
A17: 21355 | B17: JATINDER SONDHI | C17: D0 | D17: NDC032 | E17: NDT LABORATORY | F17: HP | G17: HP ELITE 800G2 | I17: 9 | L17: NDT
A18: 21045 | B18: PIYUSH S GANDHI | C18: D0 | D18: SPC096 | E18: INSTRUMENT | F18: HP | G18: HP ELITE 800G2 | I18: 9 | L18: MAINTENANCE BLOCK | M18: issued 27/04/17
A19: 21134 | B19: JAGDISH J DALWADI | C19: D0 | D19: SPC092 | E19: INSTRUMENT | F19: HP | G19: HP ELITE 800G2 | H19: 2410 | I19: 9 | L19: MAINT. BLOCK
A20: 20505 | B20: VENKATESVARULU C | C20: D0 | D20: ELC061 | E20: ELECTRICAL | F20: HP | G20: HP ELITE 800G2 | H20: =VLOOKUP(A20,Sheet3!A7:B69,2,FALSE) -> 2410 | I20: 9 | L20: AGM/GM (ELECTRICAL) OFFICE
A21: 21002 | B21: HIMANSHU B TRIVEDI | C21: D0 | D21: ELC060 | E21: ELECTRICAL | F21: HP | G21: HP ELITE 800G2 | H21: 2410 | I21: 9 | L21: AGM/GM (ELECTRICAL) OFFICE
A22: 21006 | B22: GODAVARTHY SRINIVAS | C22: D0 | D22: STC074 | E22: STORES | F22: HP | G22: HP ELITE 800G1 | H22: 2410 | I22: 8 | L22: AGM/GM OFFICE
A23: 20932 | B23: JAYARAJAN K | C23: D0 | D23: ODC033 | E23: PRODN-POWER | F23: HP | G23: HP ELITE 800G1 | H23: 2410 | I23: 8 | L23: AGM/GM OFFICE | M23: HP G2 PPC033 replaced
A24: 21576 | B24: BHOOPESH SHISHODIA | C24: D0 | D24: PJC084 | E24: MECH-OFFSITE | F24: HP | G24: HP ELITE 800G1 | I24: 8 | L24: DM PLANT | M24: BMitra
A25: 21044 | B25: SATINDER SINGH JOHAR | C25: D0 | D25: MSC384 | E25: HR-ADMINISTRATION | F25: HP | G25: HP ELITE 800G1 | I25: 8 | L25: DGM/AGM HR OFFICE
A26: 21585 | B26: SWADHEEN KUMAR MAHAPATRA | C26: D0 | D26: MSC383 | E26: FIRE & SAFETY | F26: HP | G26: HP ELITE 800G1 | I26: 8 | L26: TECH. BLOCK (ENV. LAB)
A27: 21052 | B27: AMARJIT SINGH | C27: D0 | D27: TCC088 | E27: TRAINING CENTRE | F27: HCL | G27: HCL INFINITI A390 TRU | H27: 3770, MFP6525 | I27: 7 | J27: 12 | L27: AGM OFFICE
A28: 21007 | B28: RAJIVE LOCHAN SHUKLA | C28: D0 | D28: FSC037 | E28: PURCHASE | F28: HCL | G28: HCL INFINITI A390 TRU | H28: 2410 | I28: 7 | J28: 12 | L28: AGM/GM OFFICE
A29: 21593 | B29: UPENDRA KUMAR | C29: D0 | D29: PCC145 | E29: PRODN-PHP | F29: HCL | G29: HCL INFINITI A390 TRU | H29: 2400 | I29: 7 | J29: 12 | L29: PHP - FIRST FLOOR
A30: 20933 | B30: SYED RAFI AHMED | C30: D0 | D30: MBC018 | E30: PRODUCTION | F30: HP | G30: HP ELITE 8200 | I30: 6 | J30: 12 | L30: TECH BLOCK
A31: 21699 | B31: ASHESH K PATEL | C31: D0 | D31: MAC035 | E31: MECH-AMMONIA | F31: HP | G31: HP ELITE 8200 | I31: 6 | J31: 12 | L31: MAINT BLOCK
A32: 21592 | B32: SHANTILAL TULSHIBHAI MAKWANA | C32: D0 | D32: SPC033 | E32: TRANSPORTATION | F32: ACER | G32: ACER VERITON M-200 H57 | H32: 2410 | I32: 5 | J32: 12 | L32: AGM/CM OFFICE
A33: 21404 | B33: SHRAVAN KUMAR | C33: D0 | D33: MAC033 | E33: PROJECT GROUP | F33: ACER | G33: ACER VERITON M-200 H57 | H33: 2400 | I33: 5 | J33: 12 | L33: TECH BLOCK
A34: 21579 | B34: ANIL P DESAI | C34: D0 | D34: GRC034 | E34: PRODN-UREA-I | F34: ACER | G34: ACER VERITON M-200 H57 | I34: 5 | J34: 12 | L34: UREA-I PRODN OFFICE
A35: 21441 | B35: PRAVENDRA SINGH | C35: D0 | D35: PPC032 | E35: PRODN-PHP | F35: ACER | G35: ACER VERITON M-200 H57 | H35: 2410 | I35: 5 | J35: 12 | L35: PHP
A36: 21161 | B36: JAGDISH PRASAD VERMA | C36: D0 | D36: POC027 | E36: PRODN-OFFSITE | F36: ACER | G36: ACER VERITON M-200 H57 | H36: 2400 | I36: 5 | J36: 12 | L36: OFFSITE
A37: 21575 | B37: VINAYKUMAR SINGH | C37: D0 | D37: A2C008 | E37: PRODN-AMMONIA-II | F37: ACER | G37: ACER VERITON M-200 H57 | I37: 5 | J37: 12 | L37: AMMONIA-II
A38: 21349 | B38: RADHESH MOHAN MALLYA | C38: D0 | D38: A1C008 | E38: PRODN-AMMONIA-I | F38: ACER | G38: ACER VERITON M-200 H57 | H38: 2410 | I38: 5 | J38: 12 | L38: AMMONIA-1
A39: 21279 | B39: DILIP KUMAR MANDAL | C39: D0 | D39: PRC067 | E39: PROCESS GROUP | F39: ACER | G39: ACER VERITON M-200 H57 | H39: 2410 | I39: 5 | J39: 12 | L39: TECH BLOCK
A40: 21320 | B40: AVINASH M BHALERAO | C40: D0 | D40: MSC311 | E40: MS-MANAGEMENT SERVICES | F40: ACER | G40: ACER VERITON M-200 H57 | H40: 2410 | I40: 5 | J40: 12 | L40: CM/DGM MS OFFICE
A41: 21162 | B41: NAVAL KUMAR GURJAR | C41: D0 | D41: MUC040 | E41: MECH-UREA | F41: ACER | G41: ACER VERITON M-200 H57 | H41: 2410 | I41: 5 | J41: 12 | L41: UREA-I
A42: 21408 | B42: SHATRUGHAN PRASAD | C42: D0 | D42: MAC034 | E42: MECH-OFFSITE | F42: ACER | G42: ACER VERITON M-200 H57 | I42: 5 | J42: 12 | L42: OFFSITE
A43: 21409 | B43: SURENDRAKUMAR M CHAUHAN | C43: D0 | D43: MOC022 | E43: MECH-OFFSITE | F43: ACER | G43: ACER VERITON M-200 H57 | I43: 5 | J43: 12 | L43: OFFSITE
A44: 21403 | B44: UTTAM KUMAR | C44: D0 | D44: SPC040 | E44: MECHANICAL | F44: ACER | G44: ACER VERITON M-200 H57 | I44: 5 | J44: 12 | L44: MAINT BLOCK
A45: 21228 | B45: AMIT KUMAR JANA | C45: D0 | D45: U2C006 | E45: MECH-AMMONIA | F45: ACER | G45: ACER VERITON M-200 H57 | H45: 2410 | I45: 5 | J45: 12 | L45: PGR
A46: 21158 | B46: CHANDRAKANT J SHAH | C46: D0 | D46: SPC034 | E46: INSTRUMENT | F46: ACER | G46: ACER VERITON M-200 H57 | H46: 2410 | I46: 5 | J46: 12 | L46: MAINT BLOCK
A47: 21305 | B47: PIUSH KUMAR | C47: D0 | D47: IGC028 | E47: INSTRUMENT | F47: ACER | G47: ACER VERITON M-200 H57 | H47: 2410 | I47: 5 | J47: 12 | L47: MAINT BLOCK
A48: 21142 | B48: RISHIPAL SINGH | C48: D0 | D48: ELC056 | E48: ELECTRICAL | F48: ACER | G48: ACER VERITON M-200 H57 | H48: 2410 | I48: 5 | J48: 12 | L48: MAINT BLOCK
A49: 21044 | B49: SATINDER SINGH JOHAR | C49: D0 | D49: PCC120 | E49: KRIBHCO JETTY | F49: HP | G49: HP DX2480 | I49: 4 | L49: JETTY OFFICE
A50: 20799 | B50: JITENDRA G TRIVEDI | C50: E0 | D50: V1C014 | E50: PRODN-OFFSITE | F50: ACER | G50: ACER VERITON Q170 | I50: 11 | L50: OFFSITE OFFICE
A51: 21968 | B51: PAYOJ TEWARI | C51: E0 | D51: V1C042 | E51: HR-HOSPITAL | F51: ACER | G51: ACER VERITON Q170 | I51: 11 | L51: DR. TEWARI
A52: 21971 | B52: JYOTI RALHAN | C52: E0 | D52: V1C041 | E52: HR-HOSPITAL | F52: ACER | G52: ACER VERITON Q170 | I52: 11 | L52: DR. RALHAN
A53: 20861 | B53: ARUNKUMAR I DESAI | C53: E0 | D53: TRC068 | E53: MECH-PHP | F53: HP | G53: HP ELITE 800G2 | I53: 9 | L53: PHP OFFICE FIRST FLOOR
A54: 20575 | B54: RAMESHBHAI J SUTHAR | C54: E0 | D54: STC075 | E54: STORES | F54: HP | G54: HP ELITE 800G1 | I54: 8 | L54: SM/CM OFFICE
A55: 21870 | B55: SANJAY DASGUPTA | C55: E0 | D55: MSC385 | E55: PRODN-UREA-II | F55: HP | G55: HP ELITE 800G1 | I55: 8 | L55: CM(PRODN) OFFICE
A56: 20114 | B56: KANUBHAI K DESAI | C56: E0 | D56: PCC142 | E56: PURCHASE | F56: HP | G56: HP ELITE 8200 | H56: =VLOOKUP(A56,Sheet3!A2:B64,2,FALSE) -> 2410 | I56: 6 | L56: SM/CM COMM OFFICE
A57: 21091 | B57: MAHESHKUMAR L PANCHAL | C57: E0 | D57: MWC032 | E57: MECH-UREA | F57: HP | G57: HP ELITE 8200 | I57: 6 | J57: 12 | L57: UREA
A58: 21094 | B58: MUNUSAMY R | C58: E0 | D58: MUC045 | E58: MECH-UREA | F58: HP | G58: HP ELITE 8200 | I58: 6 | J58: 12 | L58: UREA
A59: 21088 | B59: MOHD IKRAM KHAN | C59: E0 | D59: MPC013 | E59: MECH-POWER | F59: HP | G59: HP ELITE 8200 | I59: 6 | J59: 12 | L59: POWER
A60: 20859 | B60: AJAYKUMAR I DAVE | C60: E0 | D60: MBC019 | E60: MECH-PHP | F60: HP | G60: HP ELITE 8200 | I60: 6 | J60: 12 | L60: PHP
A61: 20860 | B61: SANJAY KUMAR H NANAVATI | C61: E0 | D61: EUC012 | E61: MECH-OFFSITE | F61: HP | G61: HP ELITE 8200 | I61: 6 | J61: 12 | L61: OFFSITE-I | M61: dilip dhabarde
A62: 21119 | B62: SHARAD M KAPADIA | C62: E0 | D62: MAC036 | E62: MECH-AMMONIA | F62: HP | G62: HP ELITE 8200 | I62: 6 | J62: 12 | L62: AMMONIA
A63: 21971 | B63: JYOTI RALHAN | C63: E0 | D63: AHC118 | E63: HR-HOSPITAL | F63: HP | G63: HP ELITE 8200 | I63: 6 | J63: 12 | L63: DOCTOR ROOM
A64: 20205 | B64: HEMANT K CHAWLA | C64: E0 | D64: ATC048 | E64: HR-ADMINISTRATION | F64: HP | G64: HP ELITE 8200 | H64: =VLOOKUP(A64,Sheet3!A3:B65,2,FALSE) -> 2410 | I64: 6 | L64: SM/CM HR OFFICE
A65: 20767 | B65: ANAND KISHOR SHARMA | C65: E0 | D65: LBC051 | E65: CHEMICAL LABORATORY | F65: HP | G65: HP ELITE 8200 | H65: =VLOOKUP(A65,Sheet3!A10:B72,2,FALSE) -> 2410 | I65: 6 | J65: 12 | L65: LAB OFFICE
A66: 20920 | B66: PRAVINKUMAR G SONI | C66: E0 | D66: MSC312 | E66: FINANCE & ACCOUNTS | F66: ACER | G66: ACER VERITON M-200 H57 | I66: 5 | J66: 12 | L66: SM/CM F&A OFFICE
A67: 20743 | B67: BAKULKUMAR C MISTRY | C67: E0 | D67: SPC041 | E67: FINANCE & ACCOUNTS | F67: ACER | G67: ACER VERITON M-200 H57 | H67: =VLOOKUP(A67,Sheet3!A8:B70,2,FALSE) -> 2410 | I67: 5 | J67: 12 | L67: SM/CM F&A OFFICE
A68: 21096 | B68: ASHWANI KUMAR | C68: E0 | D68: EAC012 | E68: ELECTRICAL-AMMONIA | F68: ACER | G68: ACER VERITON M-200 H57 | I68: 5 | J68: 12 | L68: PGR
A69: 21458 | B69: ATULKUMAR H MODI | C69: F0 | D69: V1C017 | E69: MECH-UREA | F69: ACER | G69: ACER VERITON Q170 | I69: 11 | L69: UREA II
A70: 21554 | B70: ANPC RAO | C70: F0 | D70: V1C027 | E70: MECH-PHP | F70: ACER | G70: ACER VERITON Q170 | I70: 11 | L70: MECH-PHP
A71: 20923 | B71: MAHESHKUMAR K RATHOD | C71: F0 | D71: V1C035 | E71: INSTRUMENT-POWER | F71: ACER | G71: ACER VERITON Q170 | I71: 11 | L71: POWER
A72: 21128 | B72: ASHOK V PATEL | C72: F0 | D72: V1C034 | E72: INSTRUMENT- W/S | F72: ACER | G72: ACER VERITON Q170 | I72: 11 | L72: WORKSHOP
A73: 21107 | B73: DINESHKUMAR M AMIN | C73: F0 | D73: V1C031 | E73: CHEMICAL LABORATORY | F73: ACER | G73: ACER VERITON Q170 | I73: 11 | L73: LAB OFFICE
A74: 21108 | B74: VIJAY K MISTRY | C74: F0 | D74: V1C028 | E74: CHEMICAL LABORATORY | F74: ACER | G74: ACER VERITON Q170 | I74: 11 | L74: LAB OFFICE
A75: 21213 | B75: KASHYAP D BHATT | C75: F0 | D75: V1C030 | E75: CHEMICAL LABORATORY | F75: ACER | G75: ACER VERITON Q170 | I75: 11 | L75: LAB OFFICE
A76: 21215 | B76: JETHALAL G PATEL | C76: F0 | D76: V1C033 | E76: CHEMICAL LABORATORY | F76: ACER | G76: ACER VERITON Q170 | I76: 11 | L76: LAB OFFICE
A77: 21223 | B77: MOHANLAL B GARADHARIA | C77: F0 | D77: V1C029 | E77: CHEMICAL LABORATORY | F77: ACER | G77: ACER VERITON Q170 | I77: 11 | L77: LAB OFFICE
A78: 21227 | B78: KETAN N GADANI | C78: F0 | D78: V1C032 | E78: CHEMICAL LABORATORY | F78: ACER | G78: ACER VERITON Q170 | I78: 11 | L78: LAB OFFICE
A79: 20916 | B79: DINESHKUMAR N PATEL | C79: F0 | D79: SPC098 | E79: PRODN-PHP | F79: HP | G79: HP ELITE 800G2 | I79: 9 | L79: PHP OFFICE
A80: 20898 | B80: PRAVIN B MAKWANA | C80: F0 | D80: CVC042 | E80: PRODN-OFFSITE | F80: HP | G80: HP ELITE 800G2 | I80: 9 | L80: DM PLANT | M80: rn shah retd Dec17inst11Jan18
A81: 21513 | B81: UTPALKUMAR MAJUMDER | C81: F0 | D81: NDC031 | E81: NDT LABORATORY | F81: HP | G81: HP ELITE 800G2 | I81: 9 | L81: NDT
A82: 23159 | B82: ALOK KUMAR | C82: F0 | D82: SPC099 | E82: CIVIL ESTATE | F82: HP | G82: HP ELITE 800G2 | I82: 9 | L82: ESTATE OFFICE
A83: 21936 | B83: VIVEK KUMAR SINGH | C83: F0 | D83: SPC103 | E83: CIVIL | F83: HP | G83: HP ELITE 800G2 | H83: 2410 | I83: 9 | L83: MAINT. BLOCK
A84: 21106 | B84: RAVICHANDRAN S R | C84: F0 | D84: LBC057 | E84: CHEMICAL LABORATORY | F84: HP | G84: HP ELITE 800G2 | I84: 9 | L84: LAB OFFICE
A85: 21110 | B85: JAYANTILAL P TRIVEDI | C85: F0 | D85: LBC056 | E85: CHEMICAL LABORATORY | F85: HP | G85: HP ELITE 800G2 | I85: 9 | L85: LAB OFFICE
A86: 21953 | B86: SAGAR KUMAR BISWAS | C86: F0 | D86: PRC071 | E86: PROCESS GROUP | F86: HP | G86: HP ELITE 800G1 | I86: 8 | L86: SM/CM (PROCESS)
A87: 20820 | B87: BASWARAJ C NANDI | C87: F0 | D87: PCC148 | E87: INSTRUMENT-POWER | F87: HP | G87: HP ELITE 800G1 | I87: 8 | L87: HARDWARE WING | M87: BR Patel Retd Feb18
A88: 21013 | B88: PRAFUL T SOLANKI | C88: F0 | D88: TCC087 | E88: TRAINING CENTRE | F88: HCL | G88: HCL INFINITI A390 TRU | H88: 2410 | I88: 7 | L88: TRAINING OFFICE
A89: 20875 | B89: ATULKUMAR R BHATT | C89: F0 | D89: POC028 | E89: PRODN-OFFSITE | F89: HCL | G89: HCL INFINITI A390 TRU | I89: 7 | L89: OFFSITE
A90: 21553 | B90: SUNIL KUMAR VA | C90: F0 | D90: MSC324 | E90: MS-MANAGEMENT SERVICES | F90: HCL | G90: HCL INFINITI A390 TRU | I90: 7 | L90: SM/CM MS OFFICE
A91: 21651 | B91: TUSHAR C SHAH | C91: F0 | D91: MDC022 | E91: MPC-DRAWING SECTION | F91: HCL | G91: HCL INFINITI A390 TRU | I91: 7 | L91: MAINT. BLOCK
A92: 20360 | B92: JANAK KUMAR A A PATEL | C92: F0 | D92: TEC007 | E92: MECH-W/S | F92: HCL | G92: HCL INFINITI A390 TRU | I92: 7 | L92: AUTO W/S
A93: 21095 | B93: RAJESH A SHAH | C93: F0 | D93: MWC035 | E93: MECH-W/S | F93: HCL | G93: HCL INFINITI A390 TRU | I93: 7 | L93: W/S
A94: 21036 | B94: OM PRAKASH THAPLIYAL | C94: F0 | D94: MOC024 | E94: MECH-OFFSITE | F94: HCL | G94: HCL INFINITI A390 TRU | I94: 7 | L94: OFFSITE-II
A95: 21465 | B95: ANIL R BEHKI | C95: F0 | D95: MAC038 | E95: MECH-AMMONIA | F95: HCL | G95: HCL INFINITI A390 TRU | I95: 7 | L95: AR BEHKI (PGR)
A96: 21984 | B96: DEVJI HADIYA | C96: F0 | D96: MAC039 | E96: MECH-AMMONIA | F96: HCL | G96: HCL INFINITI A390 TRU | I96: 7 | L96: AMMONIA
A97: 21129 | B97: MAHESHKUMAR D CHAUHAN | C97: F0 | D97: STC071 | E97: INSTRUMENT-POWER | F97: HCL | G97: HCL INFINITI A390 TRU | I97: 7 | L97: INSTN. POWER | M97: RPGajjar-Stores04Jul17
A98: 20491 | B98: DINUBHAI U PANCHAL | C98: F0 | D98: ADC166 | E98: HR-ADMINISTRATION | F98: HCL | G98: HCL INFINITI A390 TRU | H98: =VLOOKUP(A98,Sheet3!A5:B67,2,FALSE) -> 2400 | I98: 7 | L98: SM/CM HR OFFICE
A99: 20957 | B99: RADHAKRISHNAN G NAIR | C99: F0 | D99: ADC168 | E99: HR-ADMINISTRATION | F99: HCL | G99: HCL INFINITI A390 TRU | I99: 7 | L99: SM/CM HR OFFICE
A100: 21710 | B100: RUFUS JONES HENRY | C100: F0 | D100: SEC014 | E100: HR-ADMINISTRATION | F100: HCL | G100: HCL INFINITI A390 TRU | H100: 2400 | I100: 7 | L100: ADMINISTRATION | M100: 10.0.26.105
...

Sheet Sheet5
C1: Use | D1: Non Use | G1: Office
A2: 1 | B2: IBM THINK CENTRE - 3.2 GHZ (Core - CRT) | C2: 4 | D2: 2 | E2: Windows XP | F2: 38596 | G2: 2003
A3: 2 | B3: ACER POWER 945G (P4 CRT) | C3: 69 | D3: 74 | E3: Windows XP | F3: 38930 | G3: 2003
A4: 3 | B4: WIPRO SUPER GENIOUS (P4 CRT) | C4: 70 | E4: Windows XP | F4: 39142 | G4: 2003
A5: 4 | B5: HP DX2480 | C5: 50 | E5: Windows XP | F5: 40057 | G5: 2007
A6: 5 | B6: ACER VERITON M-200 H57 | C6: 85 | E6: Windows 7 | F6: 40513 | G6: 2010
A7: 6 | B7: HP ELITE 8200 | C7: 50 | E7: Windows 7 | F7: 41030 | G7: 2010
A8: 7 | B8: HCL INFINITI A390 TRU | C8: 49 | E8: Windows 7 | F8: 41487 | G8: 2013
A9: 8 | B9: HP ELITE 800G1 | C9: 50 | E9: Windows 8 | F9: 42156 | G9: 2013
A10: 9 | B10: HP ELITE 800G2 | C10: 50 | E10: Windows 8 | F10: 42491 | G10: 2016
A11: 10 | B11: Dell AIO | C11: 1 | E11: Win 10
A12: 11 | B12: Acer Veriton Q170 M-200 i5 6500 6th Gen; 4GB RAM; 1000 + 500 GB HDD | C12: 50 | E12: Win 10 | F12: 42917 | G12: 2016
C14: =SUM(C2:C13) -> 528 | D14: =SUM(D2:D13) -> 76
D15: =SUM(C14:D14) -> 604
B17: ACER 6100 | C17: 2
B18: CORE 2 DUO 2.93 GHZ | C18: 1
B19: DUAL CORE 2.7 GHZ | C19: 6
B20: HCL INFINITE 2.0 GHZ | C20: 1
B21: HP COMPAQ DX7380 | C21: 1
B22: INSPIRON D06S | C22: 2
B23: NET VISTA PIV 1.4GHZ | C23: 4
B24: PENTIUM IV 1.5 MHZ | C24: 1
B25: PENTIUM IV 2.20 GHZ | C25: 1
B26: PENTIUM IV 3.2 GHZ | C26: 2
B27: ZEBRONICS | C27: 1
B34: Windows XP | C34: =SUM(C2:C5) -> 193 | D34: =SUM(D2:D3) -> 76 | E34: =SUM(C34:D34) -> 269
B35: Windows 7 | C35: 184 | E35: =SUM(C35:D35) -> 184
B36: Windows 8 | C36: 100 | E36: =SUM(C36:D36) -> 100
B37: Windows 10 | C37: 51 | E37: =SUM(C37:D37) -> 51
C38: =SUM(C34:C37) -> 528 | D38: =SUM(D34:D37) -> 76 | E38: =SUM(C38:D38) -> 604
B41: Office 2003 | C41: 143 | D41: 76 | E41: =SUM(C41:D41) -> 219
B42: Office 2007 | C42: 50 | E42: =SUM(C42:D42) -> 50
B43: Office 2010 | C43: 135 | E43: =SUM(C43:D43) -> 135
B44: Office 2013 | C44: 99 | E44: =SUM(C44:D44) -> 99
B45: Office 2016 | C45: 101 | E45: =SUM(C45:D45) -> 101
C46: =SUM(C41:C45) -> 528 | D46: =SUM(D41:D45) -> 76 | E46: =SUM(E41:E45) -> 604
B49: HAEP
B50: Windows XP | C50: 6
B51: Windows 7 | C51: 15
B52: Windows 8
B53: Windows 10 | C53: 25
C54: =SUM(C50:C53) -> 46
B56: Office 2003 | C56: 6
B57: Office 2007
B58: Office 2010 | C58: 15
B59: Office 2013
B60: Office 2016 | C60: 25
C61: =SUM(C56:C60) -> 46
